pair_index,answer_json,test_json,point,raw_error,w0_error,w0.2_error,w0.4_error,w0.65_error,w0.8_error,w1_error,best_weight,best_error
0,20260616_172144_621_landmarks.json,20260616_201237_177_landmarks.json,left_eye,135.554,135.554,137.514,139.477,141.933,143.409,145.378,0,135.554
0,20260616_172144_621_landmarks.json,20260616_201237_177_landmarks.json,right_eye,133.608,133.608,135.49,137.373,139.728,141.142,143.028,0,133.608
0,20260616_172144_621_landmarks.json,20260616_201237_177_landmarks.json,nose_tip,117.182,117.182,117.182,117.182,117.182,117.182,117.182,0,117.182
0,20260616_172144_621_landmarks.json,20260616_201237_177_landmarks.json,mouth_left,140.447,140.447,140.84,141.233,141.724,142.018,142.411,0,140.447
0,20260616_172144_621_landmarks.json,20260616_201237_177_landmarks.json,mouth_right,134.282,134.282,134.623,134.964,135.39,135.646,135.987,0,134.282
0,20260616_172144_621_landmarks.json,20260616_201237_177_landmarks.json,mouth_center,130.14,130.14,130.311,130.485,130.706,130.84,131.022,0,130.14
0,20260616_172144_621_landmarks.json,20260616_201237_177_landmarks.json,chin,136.105,136.105,137.313,138.522,140.034,140.942,142.153,0,136.105
0,20260616_172144_621_landmarks.json,20260616_201237_177_landmarks.json,clothing_start,80.789,80.789,74.468,68.15,60.261,55.532,49.235,1,49.235
1,20260616_174347_104_landmarks.json,20260616_201049_086_landmarks.json,left_eye,21.82,21.82,22.99,24.296,26.088,27.234,28.834,0,21.82
1,20260616_174347_104_landmarks.json,20260616_201049_086_landmarks.json,right_eye,16.885,16.885,18.871,20.865,23.366,24.871,26.88,0,16.885
1,20260616_174347_104_landmarks.json,20260616_201049_086_landmarks.json,nose_tip,7.286,7.286,7.286,7.286,7.286,7.286,7.286,0,7.286
1,20260616_174347_104_landmarks.json,20260616_201049_086_landmarks.json,mouth_left,42.275,42.275,42.622,42.969,43.405,43.668,44.019,0,42.275
1,20260616_174347_104_landmarks.json,20260616_201049_086_landmarks.json,mouth_right,34.975,34.975,35.288,35.602,35.997,36.235,36.553,0,34.975
1,20260616_174347_104_landmarks.json,20260616_201049_086_landmarks.json,mouth_center,30.638,30.638,30.646,30.669,30.716,30.755,30.82,0,30.638
1,20260616_174347_104_landmarks.json,20260616_201049_086_landmarks.json,chin,104.598,104.598,105.827,107.059,108.601,109.528,110.766,0,104.598
1,20260616_174347_104_landmarks.json,20260616_201049_086_landmarks.json,clothing_start,340.853,340.853,334.168,327.482,319.127,314.114,307.43,1,307.43
2,20260616_174405_418_landmarks.json,20260616_201035_250_landmarks.json,left_eye,11.054,11.054,12.214,13.539,15.361,16.519,18.12,0,11.054
2,20260616_174405_418_landmarks.json,20260616_201035_250_landmarks.json,right_eye,8.37,8.37,10.047,11.752,13.908,15.21,16.953,0,8.37
2,20260616_174405_418_landmarks.json,20260616_201035_250_landmarks.json,nose_tip,2.062,2.062,2.062,2.062,2.062,2.062,2.062,0,2.062
2,20260616_174405_418_landmarks.json,20260616_201035_250_landmarks.json,mouth_left,28.077,28.077,28.198,28.322,28.484,28.584,28.72,0,28.077
2,20260616_174405_418_landmarks.json,20260616_201035_250_landmarks.json,mouth_right,15.885,15.885,15.937,15.997,16.08,16.135,16.214,0,15.885
2,20260616_174405_418_landmarks.json,20260616_201035_250_landmarks.json,mouth_center,5.982,5.982,5.659,5.377,5.095,4.968,4.853,1,4.853
2,20260616_174405_418_landmarks.json,20260616_201035_250_landmarks.json,chin,19.708,19.708,18.557,17.405,15.965,15.101,13.95,1,13.95
2,20260616_174405_418_landmarks.json,20260616_201035_250_landmarks.json,clothing_start,78.104,78.104,83.853,89.615,96.834,101.171,106.961,0,78.104
3,20260616_174418_131_landmarks.json,20260616_201101_678_landmarks.json,left_eye,13.051,13.051,14.394,15.882,17.889,19.152,20.888,0,13.051
3,20260616_174418_131_landmarks.json,20260616_201101_678_landmarks.json,right_eye,11.83,11.83,13.724,15.62,17.991,19.414,21.312,0,11.83
3,20260616_174418_131_landmarks.json,20260616_201101_678_landmarks.json,nose_tip,7.846,7.846,7.846,7.846,7.846,7.846,7.846,0,7.846
3,20260616_174418_131_landmarks.json,20260616_201101_678_landmarks.json,mouth_left,19.891,19.891,20.251,20.612,21.064,21.336,21.7,0,19.891
3,20260616_174418_131_landmarks.json,20260616_201101_678_landmarks.json,mouth_right,21.979,21.979,22.174,22.374,22.629,22.785,22.995,0,21.979
3,20260616_174418_131_landmarks.json,20260616_201101_678_landmarks.json,mouth_center,12.763,12.763,12.801,12.868,12.992,13.088,13.239,0,12.763
3,20260616_174418_131_landmarks.json,20260616_201101_678_landmarks.json,chin,66.706,66.706,67.859,69.014,70.463,71.334,72.497,0,66.706
3,20260616_174418_131_landmarks.json,20260616_201101_678_landmarks.json,clothing_start,41.819,41.819,35.554,29.291,21.466,16.775,10.536,1,10.536
4,20260616_174433_627_landmarks.json,20260616_201112_589_landmarks.json,left_eye,16.264,16.264,17.984,19.706,21.86,23.154,24.88,0,16.264
4,20260616_174433_627_landmarks.json,20260616_201112_589_landmarks.json,right_eye,3.359,3.359,4.007,5.113,6.798,7.889,9.395,0,3.359
4,20260616_174433_627_landmarks.json,20260616_201112_589_landmarks.json,nose_tip,4.644,4.644,4.644,4.644,4.644,4.644,4.644,0,4.644
4,20260616_174433_627_landmarks.json,20260616_201112_589_landmarks.json,mouth_left,15.101,15.101,15.384,15.669,16.028,16.244,16.534,0,15.101
4,20260616_174433_627_landmarks.json,20260616_201112_589_landmarks.json,mouth_right,6.398,6.398,6.379,6.374,6.389,6.408,6.447,0.4,6.374
4,20260616_174433_627_landmarks.json,20260616_201112_589_landmarks.json,mouth_center,13.274,13.274,12.904,12.544,12.113,11.864,11.544,1,11.544
4,20260616_174433_627_landmarks.json,20260616_201112_589_landmarks.json,chin,21.716,21.716,21.177,20.678,20.115,19.813,19.452,1,19.452
4,20260616_174433_627_landmarks.json,20260616_201112_589_landmarks.json,clothing_start,129.706,129.706,124.572,119.46,113.103,109.31,104.28,1,104.28
5,20260616_174450_946_landmarks.json,20260616_201123_588_landmarks.json,left_eye,10.001,10.001,10.062,10.56,11.707,12.616,14.019,0,10.001
5,20260616_174450_946_landmarks.json,20260616_201123_588_landmarks.json,right_eye,16.936,16.936,17.547,18.356,19.609,20.471,21.728,0,16.936
5,20260616_174450_946_landmarks.json,20260616_201123_588_landmarks.json,nose_tip,9.09,9.09,9.09,9.09,9.09,9.09,9.09,0,9.09
5,20260616_174450_946_landmarks.json,20260616_201123_588_landmarks.json,mouth_left,29.899,29.899,30.279,30.66,31.138,31.425,31.808,0,29.899
5,20260616_174450_946_landmarks.json,20260616_201123_588_landmarks.json,mouth_right,30.187,30.187,30.439,30.693,31.015,31.209,31.47,0,30.187
5,20260616_174450_946_landmarks.json,20260616_201123_588_landmarks.json,mouth_center,20.159,20.159,20.643,21.137,21.764,22.147,22.662,0,20.159
5,20260616_174450_946_landmarks.json,20260616_201123_588_landmarks.json,chin,67.107,67.107,68.394,69.682,71.292,72.259,73.548,0,67.107
5,20260616_174450_946_landmarks.json,20260616_201123_588_landmarks.json,clothing_start,74.018,74.018,80.591,87.167,95.39,100.326,106.909,0,74.018
6,20260616_174507_460_landmarks.json,20260616_201136_332_landmarks.json,left_eye,11.345,11.345,12.788,14.335,16.37,17.629,19.342,0,11.345
6,20260616_174507_460_landmarks.json,20260616_201136_332_landmarks.json,right_eye,15.493,15.493,16.687,17.978,19.698,20.775,22.254,0,15.493
6,20260616_174507_460_landmarks.json,20260616_201136_332_landmarks.json,nose_tip,8.036,8.036,8.036,8.036,8.036,8.036,8.036,0,8.036
6,20260616_174507_460_landmarks.json,20260616_201136_332_landmarks.json,mouth_left,10.948,10.948,11.053,11.17,11.331,11.435,11.582,0,10.948
6,20260616_174507_460_landmarks.json,20260616_201136_332_landmarks.json,mouth_right,18.291,18.291,18.104,17.921,17.698,17.567,17.397,1,17.397
6,20260616_174507_460_landmarks.json,20260616_201136_332_landmarks.json,mouth_center,6.544,6.544,6.165,5.817,5.436,5.241,5.027,1,5.027
6,20260616_174507_460_landmarks.json,20260616_201136_332_landmarks.json,chin,43.096,43.096,41.951,40.806,39.375,38.517,37.373,1,37.373
6,20260616_174507_460_landmarks.json,20260616_201136_332_landmarks.json,clothing_start,34.94,34.94,39.848,44.985,51.621,55.686,61.175,0,34.94
7,20260616_175008_674_landmarks.json,20260616_201145_548_landmarks.json,left_eye,24.327,24.327,22.479,20.654,18.416,17.103,15.399,1,15.399
7,20260616_175008_674_landmarks.json,20260616_201145_548_landmarks.json,right_eye,12.742,12.742,10.903,9.071,6.796,5.45,3.705,1,3.705
7,20260616_175008_674_landmarks.json,20260616_201145_548_landmarks.json,nose_tip,16.04,16.04,16.04,16.04,16.04,16.04,16.04,0,16.04
7,20260616_175008_674_landmarks.json,20260616_201145_548_landmarks.json,mouth_left,13.044,13.044,12.841,12.645,12.413,12.28,12.111,1,12.111
7,20260616_175008_674_landmarks.json,20260616_201145_548_landmarks.json,mouth_right,9.59,9.59,9.666,9.754,9.88,9.963,10.084,0,9.59
7,20260616_175008_674_landmarks.json,20260616_201145_548_landmarks.json,mouth_center,2.14,2.14,1.55,0.971,0.358,0.421,0.934,0.65,0.358
7,20260616_175008_674_landmarks.json,20260616_201145_548_landmarks.json,chin,3.677,3.677,3.451,3.635,4.349,4.951,5.875,0.2,3.451
7,20260616_175008_674_landmarks.json,20260616_201145_548_landmarks.json,clothing_start,51.44,51.44,45.582,39.802,32.75,28.666,23.512,1,23.512
8,20260616_175127_689_landmarks.json,20260616_201158_051_landmarks.json,left_eye,41.771,41.771,40.029,38.309,36.194,34.946,33.311,1,33.311
8,20260616_175127_689_landmarks.json,20260616_201158_051_landmarks.json,right_eye,48.004,48.004,46.513,45.048,43.259,42.209,40.842,1,40.842
8,20260616_175127_689_landmarks.json,20260616_201158_051_landmarks.json,nose_tip,11.948,11.948,11.948,11.948,11.948,11.948,11.948,0,11.948
8,20260616_175127_689_landmarks.json,20260616_201158_051_landmarks.json,mouth_left,16.655,16.655,16.85,17.051,17.31,17.47,17.688,0,16.655
8,20260616_175127_689_landmarks.json,20260616_201158_051_landmarks.json,mouth_right,16.832,16.832,16.828,16.831,16.844,16.857,16.881,0.2,16.828
8,20260616_175127_689_landmarks.json,20260616_201158_051_landmarks.json,mouth_center,3.584,3.584,3.127,2.725,2.342,2.203,2.153,1,2.153
8,20260616_175127_689_landmarks.json,20260616_201158_051_landmarks.json,chin,21.396,21.396,20.196,18.996,17.495,16.595,15.394,1,15.394
8,20260616_175127_689_landmarks.json,20260616_201158_051_landmarks.json,clothing_start,99.147,99.147,93.083,87.024,79.458,74.924,68.886,1,68.886
9,20260616_175141_971_landmarks.json,20260616_201210_747_landmarks.json,left_eye,1.821,1.821,3.091,4.934,7.407,8.921,10.955,0,1.821
9,20260616_175141_971_landmarks.json,20260616_201210_747_landmarks.json,right_eye,10.557,10.557,11.642,12.93,14.744,15.911,17.536,0,10.557
9,20260616_175141_971_landmarks.json,20260616_201210_747_landmarks.json,nose_tip,3.895,3.895,3.895,3.895,3.895,3.895,3.895,0,3.895
9,20260616_175141_971_landmarks.json,20260616_201210_747_landmarks.json,mouth_left,15.391,15.391,15.732,16.076,16.509,16.771,17.122,0,15.391
9,20260616_175141_971_landmarks.json,20260616_201210_747_landmarks.json,mouth_right,18.477,18.477,18.721,18.968,19.283,19.474,19.732,0,18.477
9,20260616_175141_971_landmarks.json,20260616_201210_747_landmarks.json,mouth_center,15.632,15.632,16.019,16.422,16.944,17.268,17.709,0,15.632
9,20260616_175141_971_landmarks.json,20260616_201210_747_landmarks.json,chin,16.093,16.093,17.12,18.177,19.533,20.362,21.482,0,16.093
9,20260616_175141_971_landmarks.json,20260616_201210_747_landmarks.json,clothing_start,87.611,87.611,81.456,75.344,67.783,63.3,57.407,1,57.407
10,20260616_175153_593_landmarks.json,20260616_201222_874_landmarks.json,left_eye,13.229,13.229,11.808,10.43,8.794,7.883,6.795,1,6.795
10,20260616_175153_593_landmarks.json,20260616_201222_874_landmarks.json,right_eye,9.305,9.305,8.061,6.907,5.676,5.115,4.679,1,4.679
10,20260616_175153_593_landmarks.json,20260616_201222_874_landmarks.json,nose_tip,0.808,0.808,0.808,0.808,0.808,0.808,0.808,0,0.808
10,20260616_175153_593_landmarks.json,20260616_201222_874_landmarks.json,mouth_left,17.273,17.273,17.488,17.705,17.98,18.146,18.37,0,17.273
10,20260616_175153_593_landmarks.json,20260616_201222_874_landmarks.json,mouth_right,16.582,16.582,16.82,17.058,17.358,17.538,17.78,0,16.582
10,20260616_175153_593_landmarks.json,20260616_201222_874_landmarks.json,mouth_center,8.532,8.532,8.399,8.291,8.192,8.154,8.126,1,8.126
10,20260616_175153_593_landmarks.json,20260616_201222_874_landmarks.json,chin,3.869,3.869,4.77,5.689,6.852,7.555,8.495,0,3.869
10,20260616_175153_593_landmarks.json,20260616_201222_874_landmarks.json,clothing_start,96.941,96.941,92.109,87.28,81.247,77.631,72.812,1,72.812
11,20260616_175222_977_landmarks.json,20260616_201251_040_landmarks.json,left_eye,14.98,14.98,16.945,18.911,21.368,22.842,24.807,0,14.98
11,20260616_175222_977_landmarks.json,20260616_201251_040_landmarks.json,right_eye,15.662,15.662,16.992,18.411,20.283,21.448,23.039,0,15.662
11,20260616_175222_977_landmarks.json,20260616_201251_040_landmarks.json,nose_tip,10.543,10.543,10.543,10.543,10.543,10.543,10.543,0,10.543
11,20260616_175222_977_landmarks.json,20260616_201251_040_landmarks.json,mouth_left,21.043,21.043,20.882,20.726,20.539,20.431,20.293,1,20.293
11,20260616_175222_977_landmarks.json,20260616_201251_040_landmarks.json,mouth_right,18.961,18.961,18.837,18.718,18.578,18.498,18.396,1,18.396
11,20260616_175222_977_landmarks.json,20260616_201251_040_landmarks.json,mouth_center,13.646,13.646,13.551,13.481,13.432,13.422,13.432,0.8,13.422
11,20260616_175222_977_landmarks.json,20260616_201251_040_landmarks.json,chin,11.92,11.92,10.901,9.924,8.78,8.15,7.398,1,7.398
11,20260616_175222_977_landmarks.json,20260616_201251_040_landmarks.json,clothing_start,108.186,108.186,114.158,120.142,127.638,132.143,138.157,0,108.186
12,20260616_175240_778_landmarks.json,20260616_201300_776_landmarks.json,left_eye,10.056,10.056,11.423,12.933,14.956,16.22,17.949,0,10.056
12,20260616_175240_778_landmarks.json,20260616_201300_776_landmarks.json,right_eye,14.579,14.579,16.156,17.778,19.852,21.115,22.817,0,14.579
12,20260616_175240_778_landmarks.json,20260616_201300_776_landmarks.json,nose_tip,7.139,7.139,7.139,7.139,7.139,7.139,7.139,0,7.139
12,20260616_175240_778_landmarks.json,20260616_201300_776_landmarks.json,mouth_left,16.425,16.425,16.713,17.004,17.373,17.596,17.896,0,16.425
12,20260616_175240_778_landmarks.json,20260616_201300_776_landmarks.json,mouth_right,7.134,7.134,7.297,7.472,7.706,7.854,8.059,0,7.134
12,20260616_175240_778_landmarks.json,20260616_201300_776_landmarks.json,mouth_center,3.112,3.112,3.572,4.065,4.71,5.109,5.65,0,3.112
12,20260616_175240_778_landmarks.json,20260616_201300_776_landmarks.json,chin,7.494,7.494,8.647,9.806,11.261,12.136,13.304,0,7.494
12,20260616_175240_778_landmarks.json,20260616_201300_776_landmarks.json,clothing_start,12.427,12.427,6.452,0.613,7.03,11.512,17.491,0.4,0.613
13,20260616_175257_338_landmarks.json,20260616_201311_183_landmarks.json,left_eye,3.613,3.613,3.34,3.271,3.485,3.754,4.237,0.4,3.271
13,20260616_175257_338_landmarks.json,20260616_201311_183_landmarks.json,right_eye,4.502,4.502,5.005,5.577,6.361,6.858,7.543,0,4.502
13,20260616_175257_338_landmarks.json,20260616_201311_183_landmarks.json,nose_tip,4.591,4.591,4.591,4.591,4.591,4.591,4.591,0,4.591
13,20260616_175257_338_landmarks.json,20260616_201311_183_landmarks.json,mouth_left,3.054,3.054,3.216,3.379,3.582,3.704,3.867,0,3.054
13,20260616_175257_338_landmarks.json,20260616_201311_183_landmarks.json,mouth_right,4.741,4.741,4.878,5.016,5.188,5.293,5.432,0,4.741
13,20260616_175257_338_landmarks.json,20260616_201311_183_landmarks.json,mouth_center,3.296,3.296,3.478,3.67,3.92,4.075,4.286,0,3.296
13,20260616_175257_338_landmarks.json,20260616_201311_183_landmarks.json,chin,5.572,5.572,5.963,6.372,6.905,7.233,7.68,0,5.572
13,20260616_175257_338_landmarks.json,20260616_201311_183_landmarks.json,clothing_start,66.861,66.861,64.284,61.71,58.501,56.579,54.023,1,54.023
14,20260616_175912_984_landmarks.json,20260616_201319_199_landmarks.json,left_eye,14.773,14.773,13.077,11.414,9.412,8.274,6.88,1,6.88
14,20260616_175912_984_landmarks.json,20260616_201319_199_landmarks.json,right_eye,10.054,10.054,10.802,11.749,13.149,14.076,15.389,0,10.054
14,20260616_175912_984_landmarks.json,20260616_201319_199_landmarks.json,nose_tip,9.7,9.7,9.7,9.7,9.7,9.7,9.7,0,9.7
14,20260616_175912_984_landmarks.json,20260616_201319_199_landmarks.json,mouth_left,5.539,5.539,5.774,6.019,6.34,6.538,6.809,0,5.539
14,20260616_175912_984_landmarks.json,20260616_201319_199_landmarks.json,mouth_right,16.268,16.268,16.354,16.445,16.567,16.644,16.752,0,16.268
14,20260616_175912_984_landmarks.json,20260616_201319_199_landmarks.json,mouth_center,14.711,14.711,15.189,15.671,16.28,16.648,17.142,0,14.711
14,20260616_175912_984_landmarks.json,20260616_201319_199_landmarks.json,chin,17.857,17.857,18.284,18.766,19.439,19.879,20.502,0,17.857
14,20260616_175912_984_landmarks.json,20260616_201319_199_landmarks.json,clothing_start,28.505,28.505,29.289,31.08,34.49,37.025,40.836,0,28.505
15,20260616_175932_760_landmarks.json,20260616_201330_726_landmarks.json,left_eye,5.147,5.147,5.546,6.036,6.747,7.214,7.871,0,5.147
15,20260616_175932_760_landmarks.json,20260616_201330_726_landmarks.json,right_eye,4.457,4.457,5.013,5.625,6.445,6.958,7.661,0,4.457
15,20260616_175932_760_landmarks.json,20260616_201330_726_landmarks.json,nose_tip,14.219,14.219,14.219,14.219,14.219,14.219,14.219,0,14.219
15,20260616_175932_760_landmarks.json,20260616_201330_726_landmarks.json,mouth_left,9.712,9.712,9.856,10.001,10.183,10.293,10.439,0,9.712
15,20260616_175932_760_landmarks.json,20260616_201330_726_landmarks.json,mouth_right,16.393,16.393,16.504,16.614,16.754,16.838,16.95,0,16.393
15,20260616_175932_760_landmarks.json,20260616_201330_726_landmarks.json,mouth_center,8.3,8.3,8.282,8.272,8.271,8.277,8.29,0.65,8.271
15,20260616_175932_760_landmarks.json,20260616_201330_726_landmarks.json,chin,6.71,6.71,7.148,7.597,8.168,8.516,8.984,0,6.71
15,20260616_175932_760_landmarks.json,20260616_201330_726_landmarks.json,clothing_start,34.004,34.004,36.609,39.214,42.471,44.425,47.032,0,34.004
16,20260616_175947_280_landmarks.json,20260616_201342_958_landmarks.json,left_eye,5.808,5.808,7.435,9.156,11.375,12.726,14.544,0,5.808
16,20260616_175947_280_landmarks.json,20260616_201342_958_landmarks.json,right_eye,5.914,5.914,7.493,9.139,11.246,12.525,14.243,0,5.914
16,20260616_175947_280_landmarks.json,20260616_201342_958_landmarks.json,nose_tip,2.969,2.969,2.969,2.969,2.969,2.969,2.969,0,2.969
16,20260616_175947_280_landmarks.json,20260616_201342_958_landmarks.json,mouth_left,21.307,21.307,21.596,21.887,22.253,22.475,22.772,0,21.307
16,20260616_175947_280_landmarks.json,20260616_201342_958_landmarks.json,mouth_right,14.662,14.662,14.988,15.315,15.723,15.968,16.294,0,14.662
16,20260616_175947_280_landmarks.json,20260616_201342_958_landmarks.json,mouth_center,21.207,21.207,21.27,21.347,21.466,21.547,21.669,0,21.207
16,20260616_175947_280_landmarks.json,20260616_201342_958_landmarks.json,chin,4.418,4.418,5.081,5.893,7.038,7.771,8.783,0,4.418
16,20260616_175947_280_landmarks.json,20260616_201342_958_landmarks.json,clothing_start,39.954,39.954,34.182,28.425,21.267,17.014,11.464,1,11.464
17,20260616_175958_016_landmarks.json,20260616_201353_655_landmarks.json,left_eye,13.749,13.749,13.774,14.011,14.587,15.069,15.852,0,13.749
17,20260616_175958_016_landmarks.json,20260616_201353_655_landmarks.json,right_eye,8.518,8.518,9.878,11.305,13.148,14.277,15.8,0,8.518
17,20260616_175958_016_landmarks.json,20260616_201353_655_landmarks.json,nose_tip,6.912,6.912,6.912,6.912,6.912,6.912,6.912,0,6.912
17,20260616_175958_016_landmarks.json,20260616_201353_655_landmarks.json,mouth_left,24.557,24.557,24.767,24.981,25.251,25.415,25.636,0,24.557
17,20260616_175958_016_landmarks.json,20260616_201353_655_landmarks.json,mouth_right,10.681,10.681,10.969,11.257,11.618,11.835,12.125,0,10.681
17,20260616_175958_016_landmarks.json,20260616_201353_655_landmarks.json,mouth_center,11.139,11.139,11.117,11.119,11.156,11.196,11.271,0.2,11.117
17,20260616_175958_016_landmarks.json,20260616_201353_655_landmarks.json,chin,6.766,6.766,7.788,8.816,10.107,10.883,11.921,0,6.766
17,20260616_175958_016_landmarks.json,20260616_201353_655_landmarks.json,clothing_start,50.035,50.035,44.793,39.571,33.088,29.233,24.161,1,24.161
18,20260616_180019_592_landmarks.json,20260616_201407_373_landmarks.json,left_eye,15.961,15.961,17.12,18.404,20.149,21.255,22.787,0,15.961
18,20260616_180019_592_landmarks.json,20260616_201407_373_landmarks.json,right_eye,17.326,17.326,18.892,20.495,22.54,23.785,25.46,0,17.326
18,20260616_180019_592_landmarks.json,20260616_201407_373_landmarks.json,nose_tip,4.925,4.925,4.925,4.925,4.925,4.925,4.925,0,4.925
18,20260616_180019_592_landmarks.json,20260616_201407_373_landmarks.json,mouth_left,20.04,20.04,20.359,20.68,21.083,21.325,21.65,0,20.04
18,20260616_180019_592_landmarks.json,20260616_201407_373_landmarks.json,mouth_right,16.266,16.266,16.512,16.761,17.076,17.267,17.525,0,16.266
18,20260616_180019_592_landmarks.json,20260616_201407_373_landmarks.json,mouth_center,9.811,9.811,9.791,9.805,9.871,9.936,10.051,0.2,9.791
18,20260616_180019_592_landmarks.json,20260616_201407_373_landmarks.json,chin,19.982,19.982,20.952,21.942,23.202,23.969,25.002,0,19.982
18,20260616_180019_592_landmarks.json,20260616_201407_373_landmarks.json,clothing_start,12.116,12.116,15.875,20.672,27.298,31.44,37.071,0,12.116
19,20260616_180035_840_landmarks.json,20260616_201417_988_landmarks.json,left_eye,14.064,14.064,15.67,17.33,19.46,20.76,22.514,0,14.064
19,20260616_180035_840_landmarks.json,20260616_201417_988_landmarks.json,right_eye,12.081,12.081,12.091,12.357,13.021,13.578,14.475,0,12.081
19,20260616_180035_840_landmarks.json,20260616_201417_988_landmarks.json,nose_tip,9.577,9.577,9.577,9.577,9.577,9.577,9.577,0,9.577
19,20260616_180035_840_landmarks.json,20260616_201417_988_landmarks.json,mouth_left,17.846,17.846,18.198,18.551,18.992,19.257,19.61,0,17.846
19,20260616_180035_840_landmarks.json,20260616_201417_988_landmarks.json,mouth_right,6.488,6.488,6.18,5.873,5.494,5.269,4.972,1,4.972
19,20260616_180035_840_landmarks.json,20260616_201417_988_landmarks.json,mouth_center,9.463,9.463,9.191,8.947,8.685,8.553,8.407,1,8.407
19,20260616_180035_840_landmarks.json,20260616_201417_988_landmarks.json,chin,17.478,17.478,17.64,17.874,18.264,18.548,18.979,0,17.478
19,20260616_180035_840_landmarks.json,20260616_201417_988_landmarks.json,clothing_start,64.374,64.374,59.223,54.208,48.196,44.769,40.482,1,40.482
20,20260616_180047_511_landmarks.json,20260616_201429_972_landmarks.json,left_eye,18.413,18.413,17.967,17.701,17.634,17.736,18.036,0.65,17.634
20,20260616_180047_511_landmarks.json,20260616_201429_972_landmarks.json,right_eye,9.555,9.555,11.246,12.946,15.08,16.363,18.076,0,9.555
20,20260616_180047_511_landmarks.json,20260616_201429_972_landmarks.json,nose_tip,4.199,4.199,4.199,4.199,4.199,4.199,4.199,0,4.199
20,20260616_180047_511_landmarks.json,20260616_201429_972_landmarks.json,mouth_left,23.546,23.546,23.797,24.052,24.373,24.567,24.829,0,23.546
20,20260616_180047_511_landmarks.json,20260616_201429_972_landmarks.json,mouth_right,12.984,12.984,13.256,13.53,13.875,14.084,14.363,0,12.984
20,20260616_180047_511_landmarks.json,20260616_201429_972_landmarks.json,mouth_center,10.274,10.274,10.457,10.666,10.961,11.156,11.434,0,10.274
20,20260616_180047_511_landmarks.json,20260616_201429_972_landmarks.json,chin,10.303,10.303,11.298,12.314,13.608,14.394,15.451,0,10.303
20,20260616_180047_511_landmarks.json,20260616_201429_972_landmarks.json,clothing_start,219.736,219.736,214.127,208.523,201.526,197.331,191.744,1,191.744
21,20260616_180107_304_landmarks.json,20260616_201441_259_landmarks.json,left_eye,0.231,0.231,1.022,1.845,2.877,3.496,4.323,0,0.231
21,20260616_180107_304_landmarks.json,20260616_201441_259_landmarks.json,right_eye,5.253,5.253,5.776,6.351,7.125,7.611,8.279,0,5.253
21,20260616_180107_304_landmarks.json,20260616_201441_259_landmarks.json,nose_tip,8.774,8.774,8.774,8.774,8.774,8.774,8.774,0,8.774
21,20260616_180107_304_landmarks.json,20260616_201441_259_landmarks.json,mouth_left,3.145,3.145,3.227,3.314,3.431,3.504,3.606,0,3.145
21,20260616_180107_304_landmarks.json,20260616_201441_259_landmarks.json,mouth_right,8.002,8.002,8.092,8.183,8.3,8.371,8.467,0,8.002
21,20260616_180107_304_landmarks.json,20260616_201441_259_landmarks.json,mouth_center,5.69,5.69,5.89,6.094,6.354,6.512,6.726,0,5.69
21,20260616_180107_304_landmarks.json,20260616_201441_259_landmarks.json,chin,17.963,17.963,18.468,18.974,19.605,19.984,20.489,0,17.963
21,20260616_180107_304_landmarks.json,20260616_201441_259_landmarks.json,clothing_start,37.854,37.854,35.451,33.071,30.14,28.41,26.145,1,26.145
22,20260616_180119_369_landmarks.json,20260616_201452_131_landmarks.json,left_eye,8.968,8.968,9.309,9.935,11.04,11.838,13.021,0,8.968
22,20260616_180119_369_landmarks.json,20260616_201452_131_landmarks.json,right_eye,9.587,9.587,10.891,12.266,14.052,15.149,16.635,0,9.587
22,20260616_180119_369_landmarks.json,20260616_201452_131_landmarks.json,nose_tip,3.629,3.629,3.629,3.629,3.629,3.629,3.629,0,3.629
22,20260616_180119_369_landmarks.json,20260616_201452_131_landmarks.json,mouth_left,18.39,18.39,18.667,18.945,19.295,19.507,19.789,0,18.39
22,20260616_180119_369_landmarks.json,20260616_201452_131_landmarks.json,mouth_right,15.69,15.69,15.884,16.082,16.333,16.486,16.692,0,15.69
22,20260616_180119_369_landmarks.json,20260616_201452_131_landmarks.json,mouth_center,12.924,12.924,12.998,13.091,13.236,13.337,13.488,0,12.924
22,20260616_180119_369_landmarks.json,20260616_201452_131_landmarks.json,chin,6.542,6.542,7.488,8.457,9.688,10.435,11.437,0,6.542
22,20260616_180119_369_landmarks.json,20260616_201452_131_landmarks.json,clothing_start,33.649,33.649,38.913,44.18,50.769,54.724,59.998,0,33.649
23,20260616_180136_487_landmarks.json,20260616_201505_010_landmarks.json,left_eye,7.95,7.95,7.184,6.848,7.117,7.619,8.598,0.4,6.848
23,20260616_180136_487_landmarks.json,20260616_201505_010_landmarks.json,right_eye,14.225,14.225,15.047,16.016,17.399,18.303,19.579,0,14.225
23,20260616_180136_487_landmarks.json,20260616_201505_010_landmarks.json,nose_tip,3.159,3.159,3.159,3.159,3.159,3.159,3.159,0,3.159
23,20260616_180136_487_landmarks.json,20260616_201505_010_landmarks.json,mouth_left,20.05,20.05,20.094,20.144,20.215,20.263,20.331,0,20.05
23,20260616_180136_487_landmarks.json,20260616_201505_010_landmarks.json,mouth_right,7.434,7.434,7.168,6.906,6.587,6.401,6.158,1,6.158
23,20260616_180136_487_landmarks.json,20260616_201505_010_landmarks.json,mouth_center,4.545,4.545,4.978,5.434,6.03,6.398,6.899,0,4.545
23,20260616_180136_487_landmarks.json,20260616_201505_010_landmarks.json,chin,23.982,23.982,22.994,22.019,20.823,20.119,19.199,1,19.199
23,20260616_180136_487_landmarks.json,20260616_201505_010_landmarks.json,clothing_start,45.539,45.539,51.286,57.034,64.219,68.53,74.279,0,45.539
24,20260616_180156_671_landmarks.json,20260616_201518_962_landmarks.json,left_eye,21.455,21.455,19.964,18.485,16.659,15.578,14.159,1,14.159
24,20260616_180156_671_landmarks.json,20260616_201518_962_landmarks.json,right_eye,16.851,16.851,15.43,14.019,12.276,11.244,9.893,1,9.893
24,20260616_180156_671_landmarks.json,20260616_201518_962_landmarks.json,nose_tip,8.671,8.671,8.671,8.671,8.671,8.671,8.671,0,8.671
24,20260616_180156_671_landmarks.json,20260616_201518_962_landmarks.json,mouth_left,16.429,16.429,16.691,16.953,17.284,17.483,17.749,0,16.429
24,20260616_180156_671_landmarks.json,20260616_201518_962_landmarks.json,mouth_right,15.134,15.134,15.305,15.478,15.699,15.833,16.015,0,15.134
24,20260616_180156_671_landmarks.json,20260616_201518_962_landmarks.json,mouth_center,9.275,9.275,9.446,9.638,9.906,10.079,10.325,0,9.275
24,20260616_180156_671_landmarks.json,20260616_201518_962_landmarks.json,chin,6.206,6.206,6.832,7.527,8.468,9.062,9.878,0,6.206
24,20260616_180156_671_landmarks.json,20260616_201518_962_landmarks.json,clothing_start,56.034,56.034,60.798,65.575,71.561,75.159,79.962,0,56.034
25,20260616_180212_791_landmarks.json,20260616_201531_538_landmarks.json,left_eye,62.348,62.348,60.299,58.253,55.699,54.169,52.132,1,52.132
25,20260616_180212_791_landmarks.json,20260616_201531_538_landmarks.json,right_eye,34.182,34.182,32.243,30.306,27.891,26.444,24.52,1,24.52
25,20260616_180212_791_landmarks.json,20260616_201531_538_landmarks.json,nose_tip,13.74,13.74,13.74,13.74,13.74,13.74,13.74,0,13.74
25,20260616_180212_791_landmarks.json,20260616_201531_538_landmarks.json,mouth_left,11.202,11.202,11.198,11.209,11.242,11.272,11.325,0.2,11.198
25,20260616_180212_791_landmarks.json,20260616_201531_538_landmarks.json,mouth_right,19.385,19.385,19.621,19.861,20.166,20.352,20.602,0,19.385
25,20260616_180212_791_landmarks.json,20260616_201531_538_landmarks.json,mouth_center,6.828,6.828,7.082,7.382,7.813,8.098,8.505,0,6.828
25,20260616_180212_791_landmarks.json,20260616_201531_538_landmarks.json,chin,24.57,24.57,25.705,26.851,28.3,29.176,30.352,0,24.57
25,20260616_180212_791_landmarks.json,20260616_201531_538_landmarks.json,clothing_start,80.466,80.466,75.173,70.076,64.054,60.671,56.494,1,56.494
26,20260616_180507_479_landmarks.json,20260616_201542_377_landmarks.json,left_eye,5.494,5.494,4.457,3.834,3.933,4.448,5.481,0.4,3.834
26,20260616_180507_479_landmarks.json,20260616_201542_377_landmarks.json,right_eye,2.737,2.737,2.947,3.798,5.292,6.29,7.679,0,2.737
26,20260616_180507_479_landmarks.json,20260616_201542_377_landmarks.json,nose_tip,4.139,4.139,4.139,4.139,4.139,4.139,4.139,0,4.139
26,20260616_180507_479_landmarks.json,20260616_201542_377_landmarks.json,mouth_left,15.151,15.151,15.263,15.381,15.536,15.633,15.766,0,15.151
26,20260616_180507_479_landmarks.json,20260616_201542_377_landmarks.json,mouth_right,12.308,12.308,12.457,12.611,12.809,12.931,13.098,0,12.308
26,20260616_180507_479_landmarks.json,20260616_201542_377_landmarks.json,mouth_center,1.664,1.664,1.873,2.173,2.629,2.929,3.35,0,1.664
26,20260616_180507_479_landmarks.json,20260616_201542_377_landmarks.json,chin,4.527,4.527,4.085,3.848,3.893,4.099,4.548,0.4,3.848
26,20260616_180507_479_landmarks.json,20260616_201542_377_landmarks.json,clothing_start,48.734,48.734,43.895,39.092,33.159,29.656,25.088,1,25.088
27,20260616_180517_422_landmarks.json,20260616_201558_104_landmarks.json,left_eye,8.625,8.625,10.103,11.67,13.706,14.956,16.646,0,8.625
27,20260616_180517_422_landmarks.json,20260616_201558_104_landmarks.json,right_eye,13.166,13.166,14.786,16.42,18.476,19.714,21.371,0,13.166
27,20260616_180517_422_landmarks.json,20260616_201558_104_landmarks.json,nose_tip,4.626,4.626,4.626,4.626,4.626,4.626,4.626,0,4.626
27,20260616_180517_422_landmarks.json,20260616_201558_104_landmarks.json,mouth_left,18.823,18.823,19.122,19.424,19.802,20.03,20.335,0,18.823
27,20260616_180517_422_landmarks.json,20260616_201558_104_landmarks.json,mouth_right,17.34,17.34,17.535,17.733,17.986,18.14,18.348,0,17.34
27,20260616_180517_422_landmarks.json,20260616_201558_104_landmarks.json,mouth_center,12.111,12.111,12.396,12.699,13.099,13.35,13.697,0,12.111
27,20260616_180517_422_landmarks.json,20260616_201558_104_landmarks.json,chin,7.785,7.785,7.279,6.911,6.68,6.673,6.82,0.8,6.673
27,20260616_180517_422_landmarks.json,20260616_201558_104_landmarks.json,clothing_start,76.183,76.183,81.744,87.306,94.259,98.43,103.992,0,76.183
28,20260616_180534_415_landmarks.json,20260616_201627_254_landmarks.json,left_eye,8.542,8.542,10.007,11.558,13.575,14.813,16.486,0,8.542
28,20260616_180534_415_landmarks.json,20260616_201627_254_landmarks.json,right_eye,3.793,3.793,5.356,6.969,9.014,10.249,11.902,0,3.793
28,20260616_180534_415_landmarks.json,20260616_201627_254_landmarks.json,nose_tip,8.843,8.843,8.843,8.843,8.843,8.843,8.843,0,8.843
28,20260616_180534_415_landmarks.json,20260616_201627_254_landmarks.json,mouth_left,21.668,21.668,21.702,21.742,21.798,21.836,21.891,0,21.668
28,20260616_180534_415_landmarks.json,20260616_201627_254_landmarks.json,mouth_right,15.47,15.47,15.479,15.494,15.522,15.544,15.578,0,15.47
28,20260616_180534_415_landmarks.json,20260616_201627_254_landmarks.json,mouth_center,8.726,8.726,8.29,7.868,7.361,7.071,6.702,1,6.702
28,20260616_180534_415_landmarks.json,20260616_201627_254_landmarks.json,chin,14.316,14.316,13.395,12.5,11.427,10.813,10.04,1,10.04
28,20260616_180534_415_landmarks.json,20260616_201627_254_landmarks.json,clothing_start,62.847,62.847,68.136,73.458,80.146,84.174,89.56,0,62.847
29,20260616_180607_271_landmarks.json,20260616_201636_814_landmarks.json,left_eye,2.236,2.236,2.483,3.59,5.396,6.559,8.151,0,2.236
29,20260616_180607_271_landmarks.json,20260616_201636_814_landmarks.json,right_eye,4.537,4.537,5.476,6.656,8.315,9.366,10.808,0,4.537
29,20260616_180607_271_landmarks.json,20260616_201636_814_landmarks.json,nose_tip,4.542,4.542,4.542,4.542,4.542,4.542,4.542,0,4.542
29,20260616_180607_271_landmarks.json,20260616_201636_814_landmarks.json,mouth_left,20.803,20.803,21.068,21.336,21.672,21.874,22.146,0,20.803
29,20260616_180607_271_landmarks.json,20260616_201636_814_landmarks.json,mouth_right,15.394,15.394,15.622,15.852,16.142,16.317,16.552,0,15.394
29,20260616_180607_271_landmarks.json,20260616_201636_814_landmarks.json,mouth_center,12.577,12.577,12.727,12.894,13.129,13.282,13.5,0,12.577
29,20260616_180607_271_landmarks.json,20260616_201636_814_landmarks.json,chin,9.398,9.398,10.409,11.421,12.689,13.449,14.465,0,9.398
29,20260616_180607_271_landmarks.json,20260616_201636_814_landmarks.json,clothing_start,11.212,11.212,15.424,20.091,26.195,29.931,34.961,0,11.212
30,20260616_180621_263_landmarks.json,20260616_201649_198_landmarks.json,left_eye,2.289,2.289,3.117,4.49,6.449,7.676,9.341,0,2.289
30,20260616_180621_263_landmarks.json,20260616_201649_198_landmarks.json,right_eye,5.881,5.881,6.509,7.445,8.898,9.868,11.237,0,5.881
30,20260616_180621_263_landmarks.json,20260616_201649_198_landmarks.json,nose_tip,4.656,4.656,4.656,4.656,4.656,4.656,4.656,0,4.656
30,20260616_180621_263_landmarks.json,20260616_201649_198_landmarks.json,mouth_left,15.9,15.9,16.187,16.477,16.84,17.06,17.353,0,15.9
30,20260616_180621_263_landmarks.json,20260616_201649_198_landmarks.json,mouth_right,16.402,16.402,16.557,16.716,16.92,17.045,17.216,0,16.402
30,20260616_180621_263_landmarks.json,20260616_201649_198_landmarks.json,mouth_center,9.33,9.33,9.596,9.883,10.268,10.512,10.85,0,9.33
30,20260616_180621_263_landmarks.json,20260616_201649_198_landmarks.json,chin,7.18,7.18,6.345,5.584,4.793,4.441,4.163,1,4.163
30,20260616_180621_263_landmarks.json,20260616_201649_198_landmarks.json,clothing_start,15.413,15.413,10.163,5.143,3.34,6.712,11.853,0.65,3.34
31,20260616_180632_936_landmarks.json,20260616_201703_614_landmarks.json,left_eye,19.819,19.819,19.643,19.66,19.95,20.263,20.834,0.2,19.643
31,20260616_180632_936_landmarks.json,20260616_201703_614_landmarks.json,right_eye,8.381,8.381,10.212,12.044,14.335,15.709,17.542,0,8.381
31,20260616_180632_936_landmarks.json,20260616_201703_614_landmarks.json,nose_tip,9.788,9.788,9.788,9.788,9.788,9.788,9.788,0,9.788
31,20260616_180632_936_landmarks.json,20260616_201703_614_landmarks.json,mouth_left,29.007,29.007,29.289,29.573,29.931,30.148,30.438,0,29.007
31,20260616_180632_936_landmarks.json,20260616_201703_614_landmarks.json,mouth_right,16.697,16.697,17.017,17.337,17.739,17.98,18.303,0,16.697
31,20260616_180632_936_landmarks.json,20260616_201703_614_landmarks.json,mouth_center,17.136,17.136,17.056,16.996,16.949,16.937,16.939,0.8,16.937
31,20260616_180632_936_landmarks.json,20260616_201703_614_landmarks.json,chin,26.688,26.688,27.751,28.824,30.178,30.997,32.094,0,26.688
31,20260616_180632_936_landmarks.json,20260616_201703_614_landmarks.json,clothing_start,74.648,74.648,68.602,62.556,54.999,50.466,44.423,1,44.423
32,20260616_180649_407_landmarks.json,20260616_201716_597_landmarks.json,left_eye,10.615,10.615,9.026,7.439,5.462,4.284,2.74,1,2.74
32,20260616_180649_407_landmarks.json,20260616_201716_597_landmarks.json,right_eye,5.293,5.293,5.606,6.273,7.456,8.289,9.495,0,5.293
32,20260616_180649_407_landmarks.json,20260616_201716_597_landmarks.json,nose_tip,0.997,0.997,0.997,0.997,0.997,0.997,0.997,0,0.997
32,20260616_180649_407_landmarks.json,20260616_201716_597_landmarks.json,mouth_left,5.74,5.74,5.623,5.521,5.414,5.363,5.309,1,5.309
32,20260616_180649_407_landmarks.json,20260616_201716_597_landmarks.json,mouth_right,19.75,19.75,19.824,19.902,20.004,20.068,20.156,0,19.75
32,20260616_180649_407_landmarks.json,20260616_201716_597_landmarks.json,mouth_center,7.767,7.767,8.211,8.659,9.224,9.566,10.024,0,7.767
32,20260616_180649_407_landmarks.json,20260616_201716_597_landmarks.json,chin,20.581,20.581,20.073,19.6,19.062,18.77,18.419,1,18.419
32,20260616_180649_407_landmarks.json,20260616_201716_597_landmarks.json,clothing_start,25.289,25.289,22.709,20.998,20.406,20.94,22.602,0.65,20.406
33,20260616_180707_622_landmarks.json,20260616_201733_413_landmarks.json,left_eye,6.743,6.743,6.541,6.438,6.453,6.54,6.741,0.4,6.438
33,20260616_180707_622_landmarks.json,20260616_201733_413_landmarks.json,right_eye,5.772,5.772,6.105,6.512,7.106,7.499,8.058,0,5.772
33,20260616_180707_622_landmarks.json,20260616_201733_413_landmarks.json,nose_tip,2.249,2.249,2.249,2.249,2.249,2.249,2.249,0,2.249
33,20260616_180707_622_landmarks.json,20260616_201733_413_landmarks.json,mouth_left,7.74,7.74,7.872,8.004,8.171,8.272,8.407,0,7.74
33,20260616_180707_622_landmarks.json,20260616_201733_413_landmarks.json,mouth_right,11.006,11.006,11.147,11.288,11.464,11.57,11.711,0,11.006
33,20260616_180707_622_landmarks.json,20260616_201733_413_landmarks.json,mouth_center,7.791,7.791,7.815,7.847,7.897,7.933,7.988,0,7.791
33,20260616_180707_622_landmarks.json,20260616_201733_413_landmarks.json,chin,5.034,5.034,5.528,6.022,6.641,7.013,7.51,0,5.034
33,20260616_180707_622_landmarks.json,20260616_201733_413_landmarks.json,clothing_start,13.281,13.281,11.301,9.589,8.084,7.684,7.87,0.8,7.684
34,20260616_180721_926_landmarks.json,20260616_201748_147_landmarks.json,left_eye,6.623,6.623,5.543,4.881,4.896,5.361,6.368,0.4,4.881
34,20260616_180721_926_landmarks.json,20260616_201748_147_landmarks.json,right_eye,12.333,12.333,12.725,13.315,14.291,14.985,16.015,0,12.333
34,20260616_180721_926_landmarks.json,20260616_201748_147_landmarks.json,nose_tip,6.707,6.707,6.707,6.707,6.707,6.707,6.707,0,6.707
34,20260616_180721_926_landmarks.json,20260616_201748_147_landmarks.json,mouth_left,10.782,10.782,10.822,10.873,10.95,11.004,11.085,0,10.782
34,20260616_180721_926_landmarks.json,20260616_201748_147_landmarks.json,mouth_right,4.809,4.809,4.683,4.575,4.466,4.416,4.367,1,4.367
34,20260616_180721_926_landmarks.json,20260616_201748_147_landmarks.json,mouth_center,8.038,8.038,8.2,8.393,8.675,8.865,9.139,0,8.038
34,20260616_180721_926_landmarks.json,20260616_201748_147_landmarks.json,chin,20.092,20.092,19.074,18.063,16.811,16.067,15.085,1,15.085
34,20260616_180721_926_landmarks.json,20260616_201748_147_landmarks.json,clothing_start,62.089,62.089,56.61,51.131,44.283,40.175,34.698,1,34.698
35,20260616_180733_959_landmarks.json,20260616_201819_194_landmarks.json,left_eye,21.059,21.059,20.512,20.089,19.747,19.645,19.634,1,19.634
35,20260616_180733_959_landmarks.json,20260616_201819_194_landmarks.json,right_eye,18.729,18.729,17.681,16.715,15.646,15.091,14.467,1,14.467
35,20260616_180733_959_landmarks.json,20260616_201819_194_landmarks.json,nose_tip,16.696,16.696,16.696,16.696,16.696,16.696,16.696,0,16.696
35,20260616_180733_959_landmarks.json,20260616_201819_194_landmarks.json,mouth_left,32.493,32.493,32.644,32.798,32.993,33.112,33.273,0,32.493
35,20260616_180733_959_landmarks.json,20260616_201819_194_landmarks.json,mouth_right,30.023,30.023,30.227,30.432,30.691,30.847,31.056,0,30.023
35,20260616_180733_959_landmarks.json,20260616_201819_194_landmarks.json,mouth_center,29.022,29.022,28.615,28.211,27.711,27.414,27.021,1,27.021
35,20260616_180733_959_landmarks.json,20260616_201819_194_landmarks.json,chin,42.16,42.16,42.597,43.053,43.651,44.023,44.535,0,42.16
35,20260616_180733_959_landmarks.json,20260616_201819_194_landmarks.json,clothing_start,34.616,34.616,33.1,32.35,32.567,33.306,34.943,0.4,32.35
36,20260616_180751_087_landmarks.json,20260616_201837_258_landmarks.json,left_eye,7.426,7.426,6.117,4.965,3.959,3.743,4.017,0.8,3.743
36,20260616_180751_087_landmarks.json,20260616_201837_258_landmarks.json,right_eye,17.098,17.098,16.01,14.991,13.834,13.217,12.5,1,12.5
36,20260616_180751_087_landmarks.json,20260616_201837_258_landmarks.json,nose_tip,8.765,8.765,8.765,8.765,8.765,8.765,8.765,0,8.765
36,20260616_180751_087_landmarks.json,20260616_201837_258_landmarks.json,mouth_left,48.002,48.002,48.292,48.583,48.946,49.164,49.454,0,48.002
36,20260616_180751_087_landmarks.json,20260616_201837_258_landmarks.json,mouth_right,30.545,30.545,30.819,31.094,31.437,31.643,31.917,0,30.545
36,20260616_180751_087_landmarks.json,20260616_201837_258_landmarks.json,mouth_center,29.255,29.255,29.126,29.004,28.863,28.784,28.685,1,28.685
36,20260616_180751_087_landmarks.json,20260616_201837_258_landmarks.json,chin,60.081,60.081,60.897,61.718,62.749,63.371,64.203,0,60.081
36,20260616_180751_087_landmarks.json,20260616_201837_258_landmarks.json,clothing_start,347.431,347.431,342.543,337.654,331.544,327.877,322.989,1,322.989
37,20260616_180805_726_landmarks.json,20260616_201850_537_landmarks.json,left_eye,21.904,21.904,21.034,20.307,19.625,19.346,19.135,1,19.135
37,20260616_180805_726_landmarks.json,20260616_201850_537_landmarks.json,right_eye,2.303,2.303,4.094,5.89,8.136,9.485,11.283,0,2.303
37,20260616_180805_726_landmarks.json,20260616_201850_537_landmarks.json,nose_tip,16.876,16.876,16.876,16.876,16.876,16.876,16.876,0,16.876
37,20260616_180805_726_landmarks.json,20260616_201850_537_landmarks.json,mouth_left,25.639,25.639,25.735,25.836,25.97,26.054,26.169,0,25.639
37,20260616_180805_726_landmarks.json,20260616_201850_537_landmarks.json,mouth_right,6.178,6.178,6.461,6.748,7.112,7.334,7.632,0,6.178
37,20260616_180805_726_landmarks.json,20260616_201850_537_landmarks.json,mouth_center,5.586,5.586,5.219,4.894,4.559,4.403,4.257,1,4.257
37,20260616_180805_726_landmarks.json,20260616_201850_537_landmarks.json,chin,26.36,26.36,25.258,24.163,22.804,21.995,20.925,1,20.925
37,20260616_180805_726_landmarks.json,20260616_201850_537_landmarks.json,clothing_start,5.579,5.579,7.915,12.829,19.775,24.078,29.883,0,5.579
38,20260616_180823_526_landmarks.json,20260616_201905_994_landmarks.json,left_eye,7.335,7.335,8.426,9.782,11.71,12.947,14.658,0,7.335
38,20260616_180823_526_landmarks.json,20260616_201905_994_landmarks.json,right_eye,6.396,6.396,8.104,9.853,12.071,13.411,15.206,0,6.396
38,20260616_180823_526_landmarks.json,20260616_201905_994_landmarks.json,nose_tip,10.794,10.794,10.794,10.794,10.794,10.794,10.794,0,10.794
38,20260616_180823_526_landmarks.json,20260616_201905_994_landmarks.json,mouth_left,18.298,18.298,18.509,18.725,19.002,19.172,19.403,0,18.298
38,20260616_180823_526_landmarks.json,20260616_201905_994_landmarks.json,mouth_right,27.968,27.968,28.054,28.145,28.263,28.337,28.439,0,27.968
38,20260616_180823_526_landmarks.json,20260616_201905_994_landmarks.json,mouth_center,15.262,15.262,15.689,16.126,16.685,17.027,17.49,0,15.262
38,20260616_180823_526_landmarks.json,20260616_201905_994_landmarks.json,chin,46.246,46.246,45.255,44.272,43.059,42.339,41.389,1,41.389
38,20260616_180823_526_landmarks.json,20260616_201905_994_landmarks.json,clothing_start,14.398,14.398,14.442,16.799,21.816,25.425,30.611,0,14.398
39,20260616_180840_334_landmarks.json,20260616_201918_176_landmarks.json,left_eye,18.548,18.548,16.785,15.023,12.822,11.503,9.747,1,9.747
39,20260616_180840_334_landmarks.json,20260616_201918_176_landmarks.json,right_eye,22.293,22.293,20.632,18.97,16.894,15.649,13.989,1,13.989
39,20260616_180840_334_landmarks.json,20260616_201918_176_landmarks.json,nose_tip,11.964,11.964,11.964,11.964,11.964,11.964,11.964,0,11.964
39,20260616_180840_334_landmarks.json,20260616_201918_176_landmarks.json,mouth_left,12.592,12.592,12.684,12.785,12.922,13.01,13.134,0,12.592
39,20260616_180840_334_landmarks.json,20260616_201918_176_landmarks.json,mouth_right,7.3,7.3,7.524,7.754,8.049,8.229,8.474,0,7.3
39,20260616_180840_334_landmarks.json,20260616_201918_176_landmarks.json,mouth_center,19.684,19.684,19.429,19.185,18.897,18.734,18.528,1,18.528
39,20260616_180840_334_landmarks.json,20260616_201918_176_landmarks.json,chin,14.351,14.351,14.473,14.674,15.031,15.299,15.713,0,14.351
39,20260616_180840_334_landmarks.json,20260616_201918_176_landmarks.json,clothing_start,205.502,205.502,200.019,194.536,187.683,183.571,178.088,1,178.088
40,20260616_180851_894_landmarks.json,20260616_201931_432_landmarks.json,left_eye,20.362,20.362,20.278,20.334,20.6,20.861,21.321,0.2,20.278
40,20260616_180851_894_landmarks.json,20260616_201931_432_landmarks.json,right_eye,15.843,15.843,15.848,16.012,16.431,16.791,17.386,0,15.843
40,20260616_180851_894_landmarks.json,20260616_201931_432_landmarks.json,nose_tip,13.351,13.351,13.351,13.351,13.351,13.351,13.351,0,13.351
40,20260616_180851_894_landmarks.json,20260616_201931_432_landmarks.json,mouth_left,15.536,15.536,15.857,16.179,16.581,16.822,17.144,0,15.536
40,20260616_180851_894_landmarks.json,20260616_201931_432_landmarks.json,mouth_right,31.88,31.88,32.073,32.267,32.511,32.659,32.858,0,31.88
40,20260616_180851_894_landmarks.json,20260616_201931_432_landmarks.json,mouth_center,19.019,19.019,19.484,19.951,20.538,20.892,21.365,0,19.019
40,20260616_180851_894_landmarks.json,20260616_201931_432_landmarks.json,chin,19.088,19.088,18.875,18.717,18.598,18.569,18.581,0.8,18.569
40,20260616_180851_894_landmarks.json,20260616_201931_432_landmarks.json,clothing_start,52.477,52.477,47.6,42.808,36.99,33.629,29.367,1,29.367
41,20260616_180900_166_landmarks.json,20260616_201943_104_landmarks.json,left_eye,10.817,10.817,10.822,11.045,11.613,12.09,12.863,0,10.817
41,20260616_180900_166_landmarks.json,20260616_201943_104_landmarks.json,right_eye,4.15,4.15,5.602,7.056,8.875,9.967,11.423,0,4.15
41,20260616_180900_166_landmarks.json,20260616_201943_104_landmarks.json,nose_tip,5.618,5.618,5.618,5.618,5.618,5.618,5.618,0,5.618
41,20260616_180900_166_landmarks.json,20260616_201943_104_landmarks.json,mouth_left,21.544,21.544,21.782,22.02,22.321,22.502,22.745,0,21.544
41,20260616_180900_166_landmarks.json,20260616_201943_104_landmarks.json,mouth_right,14.007,14.007,14.244,14.483,14.783,14.963,15.205,0,14.007
41,20260616_180900_166_landmarks.json,20260616_201943_104_landmarks.json,mouth_center,13.196,13.196,13.148,13.117,13.102,13.106,13.126,0.65,13.102
41,20260616_180900_166_landmarks.json,20260616_201943_104_landmarks.json,chin,9.401,9.401,10.164,10.956,11.978,12.604,13.453,0,9.401
41,20260616_180900_166_landmarks.json,20260616_201943_104_landmarks.json,clothing_start,3.975,3.975,2.457,6.518,12.37,15.937,20.714,0.2,2.457
42,20260616_180914_662_landmarks.json,20260616_201956_168_landmarks.json,left_eye,0.586,0.586,1.726,3.569,5.911,7.322,9.205,0,0.586
42,20260616_180914_662_landmarks.json,20260616_201956_168_landmarks.json,right_eye,16.576,16.576,17.519,18.584,20.058,21.005,22.329,0,16.576
42,20260616_180914_662_landmarks.json,20260616_201956_168_landmarks.json,nose_tip,13.654,13.654,13.654,13.654,13.654,13.654,13.654,0,13.654
42,20260616_180914_662_landmarks.json,20260616_201956_168_landmarks.json,mouth_left,19.461,19.461,19.2,18.942,18.624,18.436,18.189,1,18.189
42,20260616_180914_662_landmarks.json,20260616_201956_168_landmarks.json,mouth_right,26.643,26.643,26.333,26.023,25.637,25.406,25.098,1,25.098
42,20260616_180914_662_landmarks.json,20260616_201956_168_landmarks.json,mouth_center,23.63,23.63,23.763,23.908,24.108,24.238,24.421,0,23.63
42,20260616_180914_662_landmarks.json,20260616_201956_168_landmarks.json,chin,45.517,45.517,44.525,43.542,42.324,41.6,40.644,1,40.644
42,20260616_180914_662_landmarks.json,20260616_201956_168_landmarks.json,clothing_start,69.254,69.254,75.096,80.94,88.247,92.633,98.481,0,69.254
43,20260616_180929_887_landmarks.json,20260616_202011_854_landmarks.json,left_eye,8.353,8.353,6.528,4.704,2.426,1.065,0.796,1,0.796
43,20260616_180929_887_landmarks.json,20260616_202011_854_landmarks.json,right_eye,10.745,10.745,10.629,10.788,11.356,11.871,12.729,0.2,10.629
43,20260616_180929_887_landmarks.json,20260616_202011_854_landmarks.json,nose_tip,3.944,3.944,3.944,3.944,3.944,3.944,3.944,0,3.944
43,20260616_180929_887_landmarks.json,20260616_202011_854_landmarks.json,mouth_left,27.72,27.72,27.812,27.909,28.035,28.114,28.222,0,27.72
43,20260616_180929_887_landmarks.json,20260616_202011_854_landmarks.json,mouth_right,14.758,14.758,14.817,14.882,14.973,15.032,15.117,0,14.758
43,20260616_180929_887_landmarks.json,20260616_202011_854_landmarks.json,mouth_center,8.395,8.395,8.727,9.081,9.55,9.844,10.25,0,8.395
43,20260616_180929_887_landmarks.json,20260616_202011_854_landmarks.json,chin,13.459,13.459,12.626,11.84,10.938,10.448,9.869,1,9.869
43,20260616_180929_887_landmarks.json,20260616_202011_854_landmarks.json,clothing_start,99.916,99.916,105.579,111.243,118.323,122.571,128.235,0,99.916
