answer_json,test_json
20260616_172144_621_landmarks.json,20260616_201237_177_landmarks.json
20260616_174347_104_landmarks.json,20260616_201049_086_landmarks.json
20260616_174405_418_landmarks.json,20260616_201035_250_landmarks.json
20260616_174418_131_landmarks.json,20260616_201101_678_landmarks.json
20260616_174433_627_landmarks.json,20260616_201112_589_landmarks.json
20260616_174450_946_landmarks.json,20260616_201123_588_landmarks.json
20260616_174507_460_landmarks.json,20260616_201136_332_landmarks.json
20260616_175008_674_landmarks.json,20260616_201145_548_landmarks.json
20260616_175127_689_landmarks.json,20260616_201158_051_landmarks.json
20260616_175141_971_landmarks.json,20260616_201210_747_landmarks.json
20260616_175153_593_landmarks.json,20260616_201222_874_landmarks.json
20260616_175222_977_landmarks.json,20260616_201251_040_landmarks.json
20260616_175240_778_landmarks.json,20260616_201300_776_landmarks.json
20260616_175257_338_landmarks.json,20260616_201311_183_landmarks.json
20260616_175912_984_landmarks.json,20260616_201319_199_landmarks.json
20260616_175932_760_landmarks.json,20260616_201330_726_landmarks.json
20260616_175947_280_landmarks.json,20260616_201342_958_landmarks.json
20260616_175958_016_landmarks.json,20260616_201353_655_landmarks.json
20260616_180019_592_landmarks.json,20260616_201407_373_landmarks.json
20260616_180035_840_landmarks.json,20260616_201417_988_landmarks.json
20260616_180047_511_landmarks.json,20260616_201429_972_landmarks.json
20260616_180107_304_landmarks.json,20260616_201441_259_landmarks.json
20260616_180119_369_landmarks.json,20260616_201452_131_landmarks.json
20260616_180136_487_landmarks.json,20260616_201505_010_landmarks.json
20260616_180156_671_landmarks.json,20260616_201518_962_landmarks.json
20260616_180212_791_landmarks.json,20260616_201531_538_landmarks.json
20260616_180507_479_landmarks.json,20260616_201542_377_landmarks.json
20260616_180517_422_landmarks.json,20260616_201558_104_landmarks.json
20260616_180534_415_landmarks.json,20260616_201627_254_landmarks.json
20260616_180607_271_landmarks.json,20260616_201636_814_landmarks.json
20260616_180621_263_landmarks.json,20260616_201649_198_landmarks.json
20260616_180632_936_landmarks.json,20260616_201703_614_landmarks.json
20260616_180649_407_landmarks.json,20260616_201716_597_landmarks.json
20260616_180707_622_landmarks.json,20260616_201733_413_landmarks.json
20260616_180721_926_landmarks.json,20260616_201748_147_landmarks.json
20260616_180733_959_landmarks.json,20260616_201819_194_landmarks.json
20260616_180751_087_landmarks.json,20260616_201837_258_landmarks.json
20260616_180805_726_landmarks.json,20260616_201850_537_landmarks.json
20260616_180823_526_landmarks.json,20260616_201905_994_landmarks.json
20260616_180840_334_landmarks.json,20260616_201918_176_landmarks.json
20260616_180851_894_landmarks.json,20260616_201931_432_landmarks.json
20260616_180900_166_landmarks.json,20260616_201943_104_landmarks.json
20260616_180914_662_landmarks.json,20260616_201956_168_landmarks.json
20260616_180929_887_landmarks.json,20260616_202011_854_landmarks.json
